person_id,gender,contract,city,street,education
1,Male,Chad_Weatcroft3093@nickia.com,Honolulu,Maple Tunnel,Corporate university
2,Female,Anais_Preston6127@hourpy.biz,Henderson,Heritage Pass,Gymnasium
3,Female,Leanne_Tennant4448@kideod.biz,Nashville,Bendall   Lane,Public university
4,Male,Enoch_Curtis9187@vetan.org,Glendale,Blackheath  Road,High school
5,Male,George_Knight859@nimogy.biz,Atlanta,Duthie   Road,Corporate university
6,Male,Denny_Stewart7369@tonsy.org,Louisville,Fair Rue,Technical college
7,Male,Doug_Morris1167@dionrab.com,Otawa,Lexington Walk,Technical college
8,Female,Angelina_May3245@zorer.org,Paris,Clissold  Boulevard,University-preparatory school
9,Female,Kendra_Johnson342@naiker.biz,Toledo,Capeners  Vale,Middle school
10,Male,Johnny_Jackson7433@guentu.biz,Lyon,Bolingbroke  Street,Graduate school
11,Male,Noah_Forth1963@deons.tech,Fort Lauderdale,Vine  Alley,Technical college
12,Male,Peter_Campbell2486@brety.org,Baltimore,Belmont Park Hill,Public university
13,Female,Makena_Darcy3477@supunk.biz,Louisville,Bloomsbury  Alley,Technical college
14,Male,Anthony_Marshall3475@sveldo.biz,Anaheim,Chestnut  Crossroad,Gymnasium
15,Male,Jack_Gordon8880@hourpy.biz,Madison,Parkfield  Hill,Gymnasium
16,Female,Leah_Amstead3998@bauros.biz,Reno,Endsleigh  Pass,Middle school
17,Female,Cecilia_Roscoe4560@sveldo.biz,Garland,Balham   Grove,Middle school
18,Female,Gemma_Ellery7139@sheye.org,San Diego,Maple Hill,Technical college
19,Female,Mya_Eastwood2224@acrit.org,Philadelphia,Coalecroft  Vale,Technical college
20,Male,Nathan_Vane9926@iatim.tech,Hollywood,Glenwood Drive,High school
21,Male,Bart_Addley3283@bungar.biz,Stockton,Maple Crossroad,University college
22,Female,Claire_Craig2277@yahoo.com,Orlando,Lincoln Avenue,Middle school
23,Male,Tyler_Yarwood7971@yahoo.com,Tokyo,Woodland Vale,Public university
24,Female,Rosalie_Whinter18@iatim.tech,Philadelphia,Kingly  Crossroad,Graduate school
25,Male,Ryan_Robertson4042@nickia.com,Toledo,Blean   Avenue,Gymnasium
26,Male,Maxwell_Harvey5312@iatim.tech,Salem,Balham   Way,Junior college
27,Female,Leslie_Bingham8634@acrit.org,Phoenix,Longman   Street,Technical college
28,Female,Penelope_Johnson8880@supunk.biz,Nashville,Sheffield Grove,Middle school
29,Male,Denny_Morris9128@brety.org,Sacramento,Balham   Tunnel,Graduate school
30,Female,Sara_Cameron4249@ovock.tech,Fullerton,Bacton   Way,Public university
31,Female,Eileen_Simpson8139@yahoo.com,Amarillo,Gavel   Drive,Middle school
32,Female,Dakota_Osmond3434@fuliss.net,Charlotte,Longleigh   Crossroad,Middle school
33,Male,Jack_Booth1748@corti.com,Louisville,Bellenden  Walk,Gymnasium
34,Female,Marina_Warner1268@grannar.com,New York,Angela   Boulevard,Corporate university
35,Female,Sonya_Alldridge535@brety.org,Huntsville,Capeners  Street,University-preparatory school
36,Female,Thea_Moreno3705@cispeto.com,Fullerton,Queensberry  Pass,Graduate school
37,Female,Valerie_Leslie6988@hourpy.biz,Houston,Gate   Boulevard,High school
38,Male,Nathan_Lunt3322@fuliss.net,Jersey City,Lincoln Walk,University-preparatory school
39,Male,Nate_Becker9233@gembat.biz,Oklahoma City,Baynes  Road,University college
40,Male,Julian_Chadwick2745@joiniaa.com,Madison,Bede  Grove,Junior college
41,Female,Jackeline_Fulton3129@grannar.com,San Bernardino,Cedarne  Street,Graduate school
42,Male,Denny_Stevenson7639@elnee.tech,Tokyo,Chart   Alley,University-preparatory school
43,Female,Aisha_Wallace2080@acrit.org,Prague,Bury  Rue,Gymnasium
44,Male,Cedrick_Hopkins4627@extex.org,Escondido,Cliff  Road,Graduate school
45,Female,Analise_Lane3432@ovock.tech,Louisville,Thorndike   Tunnel,Corporate university
46,Female,Britney_Callan9114@vetan.org,Jersey City,Camley   Street,Gymnasium
47,Male,Denny_Torres8055@liret.org,Moreno Valley,Black Swan  Crossroad,High school
48,Female,Samara_Clifton1460@qater.org,Fort Lauderdale,Cardinal Route,Junior college
49,Male,David_Walton5495@bulaffy.com,Berlin,Bliss  Way,Corporate university
50,Female,Jenna_Price5666@qater.org,Stockton,Bliss  Crossroad,Middle school

